{"stat.walkOneCm":36396,"stat.craftItem.minecraft.planks":20,"stat.drop.tombstone.crafting_ingredient":1,"stat.pickup.minecraft.crafting_table":1,"stat.damageTaken":463,"stat.killEntity.Spider":1,"stat.mineBlock.minecraft.crafting_table":1,"stat.craftItem.minecraft.crafting_table":1,"stat.useItem.minecraft.wooden_pickaxe":59,"stat.mobKills":8,"stat.pickup.minecraft.cobblestone":60,"stat.craftItem.minecraft.wooden_sword":1,"stat.mineBlock.minecraft.log":9,"stat.killEntity.Creeper":1,"stat.drop.openblocks.info_book":1,"stat.pickup.minecraft.log":10,"stat.flyOneCm":34211,"stat.deaths":1,"stat.drop":3,"stat.jump":196,"stat.mineBlock.minecraft.leaves":2,"stat.swimOneCm":4027,"stat.playOneMinute":11647,"stat.fallOneCm":3088,"stat.useItem.minecraft.wooden_sword":20,"stat.useItem.tombstone.gift":1,"stat.sneakTime":64,"stat.damageDealt":976,"stat.pickup.minecraft.gunpowder":1,"stat.drop.minecraft.sapling":1,"stat.crouchOneCm":221,"stat.timeSinceDeath":7757,"stat.pickup.minecraft.sapling":1,"stat.sprintOneCm":20214,"stat.useItem.minecraft.stone_slab2":2,"stat.craftItem.minecraft.wooden_pickaxe":1,"stat.mineBlock.minecraft.stone":60,"stat.diveOneCm":2057,"stat.craftItem.minecraft.stick":8,"stat.craftingTableInteraction":2}