{
  "tombstone:tutorial/root": {
    "criteria": {
      "auto": "2024-11-16 21:55:04 +0000"
    },
    "done": true
  },
  "iceandfire:iceandfire/root": {
    "criteria": {
      "tick": "2024-11-16 21:55:04 +0000"
    },
    "done": true
  },
  "nocubessrparmory:advsrparmoryroot": {
    "criteria": {
      "advsrparmoryroot": "2024-11-16 21:55:04 +0000"
    },
    "done": true
  },
  "nocubessrpnests:advsrpnestsaddonroot": {
    "criteria": {
      "advsrpnestsaddonroot": "2024-11-16 21:55:04 +0000"
    },
    "done": true
  },
  "cfm:root": {
    "criteria": {
      "tick": "2024-11-16 21:55:04 +0000"
    },
    "done": true
  },
  "cfm:install": {
    "criteria": {
      "tick": "2024-11-16 21:55:04 +0000"
    },
    "done": true
  },
  "nocubessrpsurvival:advparasitesurvivalroot": {
    "criteria": {
      "advparasitesurvivalroot": "2024-11-16 21:55:04 +0000"
    },
    "done": true
  },
  "minecraft:adventure/adventuring_time": {
    "criteria": {
      "taiga_cold": "2024-11-16 21:55:04 +0000"
    },
    "done": false
  }
}